id,ip,encryption,public_key
001,http://localhost:8001,ecc_encryption,LS0tLS1CRUdJTiBQVUJMSUMgS0VZLS0tLS0KTUZrd0V3WUhLb1pJemowQ0FRWUlLb1pJemowREFRY0RRZ0FFYVVZRktQL0hQWG5zZTBsNVVCb3dFSVVxMGFrbgpsbURNeFQ1cUx5c1VlUjRpalY3MVJ3L3FPcGNhOFJXcUsrQXNHV1BQTHNTc1puMThROWhKSG5MKytnPT0KLS0tLS1FTkQgUFVCTElDIEtFWS0tLS0tCg==
001,http://localhost:8001,elgamal_encryption,LS0tLS1CRUdJTiBQVUJMSUMgS0VZLS0tLS0KTUZrd0V3WUhLb1pJemowQ0FRWUlLb1pJemowREFRY0RRZ0FFNmNseE0rQ3cvZGRyZmFWSHd6ZVlUNGFMKzc3TQo5Wm9oTmo2UkprTVUzYlB6T21TZVpqOVQ5N0Y4L1lsQitMZkhBN2tvWUFheEd1blFvSEpPbS9jeEpnPT0KLS0tLS1FTkQgUFVCTElDIEtFWS0tLS0tCg==
001,http://localhost:8001,paillier_encryption,gASV4AcAAAAAAACMDHBoZS5wYWlsbGllcpSMEVBhaWxsaWVyUHVibGljS2V5lJOUKYGUfZQojAFnlIuBAQAA+MioUEFI01I+HF39wG3VbnD6jCUrhMGygiyQEihW1qOPIYRz/a8jmNRM6y1bK5KV/i0+jv7FuZQ4iQ3lT5VoW6Bbl9IF293RrSp9aGJcVbj1nRAhiQAxY3wA/cn7hJBGIDk0mc2Noh+ioI7g+pSS9d7xup+wVnAeRaoZm0Y4jEcTJE/IVhvEdsWaA3x+PS5I2nXBvKdWG6liCCsRICaICDrparpiGv0txCk0wAXBx+WU5FxEKqU4NaAYI5hshou2kNTwZCMOQNqayGJhPAMWAFd19MIMY0f4ExFjttnvZuN4zjdYKXsE9nMmkNm8A1tqvjpNMLY6KLoAfNjKURqcPxn1QYxktn4dovDaBSuOjKpZ2pUCdBPYnU0LUb6UV+dsNLOiOeU5ruLwyUOa9SnBkSpSIP1pylUvioQFTzfluSzg1CrIjAbTxNeISE/AmtcwsOI5YYA+1FdorVkuV5NCCVaxhQLEDyuz89qYvZvEjENmMqVn7sQ4+kzzRCrUcXqCAIwBbpSLgQEAAPfIqFBBSNNSPhxd/cBt1W5w+owlK4TBsoIskBIoVtajjyGEc/2vI5jUTOstWyuSlf4tPo7+xbmUOIkN5U+VaFugW5fSBdvd0a0qfWhiXFW49Z0QIYkAMWN8AP3J+4SQRiA5NJnNjaIfoqCO4PqUkvXe8bqfsFZwHkWqGZtGOIxHEyRPyFYbxHbFmgN8fj0uSNp1wbynVhupYggrESAmiAg66Wq6Yhr9LcQpNMAFwcfllORcRCqlODWgGCOYbIaLtpDU8GQjDkDamshiYTwDFgBXdfTCDGNH+BMRY7bZ72bjeM43WCl7BPZzJpDZvANbar46TTC2Oii6AHzYylEanD8Z9UGMZLZ+HaLw2gUrjoyqWdqVAnQT2J1NC1G+lFfnbDSzojnlOa7i8MlDmvUpwZEqUiD9acpVL4qEBU835bks4NQqyIwG08TXiEhPwJrXMLDiOWGAPtRXaK1ZLleTQglWsYUCxA8rs/PamL2bxIxDZjKlZ+7EOPpM80Qq1HF6ggCMB25zcXVhcmWUiwADAABR3vLBUOpUg6ZE6T5MUilx+QXrrsAJfJKtnjJfxqLwlxKN1QlRgyuA4vv3qldR1e1dGeem9YmZ7LTQT02L0Z8BEjlCTG+hFiZBthh4lmYizdFh3hwkJD4SkQwb5bkXumqDmo+hFRnC2ENQDJyGJLmspFUVqkOYBryCoYVHZEPwhgWj2A8OKwmE24+AlhRjjOgxtTL0duUPCOtGU2je+ePWHeT5XgNf/Wf/fw9pDCIXKPpWqzpulqo2YHHd64ARhihL651wDSXP/WgkeE2tPSevhaZxzLfXu8YmuTBrr5vq6FSGf7YG1H/yA6MkyNZIwlTMXw72pHsouIT5Kgyejdz7wxLrHZdV7lCEg9ftHGBokC0dVtxMr53fVheV+KJbJGQaGQFKBp9v7bNmC2nzD0z1nJRzFMFzu4Z6ndD71HKR/FRkxEchClElYAtbRG+oZfwZinRaVrQs02AQ2EZTCxvvNcvHTrhf9MMNJvVXB40JRgJAOV28x2cXL6lFsrpwRC4LlWLUKexacO7AWlzrQg8mu4Z4XzlrQwXrMwg7x3VtOuQ7RIhsV5bejoxyXsktI20CRBO4m4UBmttFfsY56eVelCCFT14IT1jwVdDm9sKaI6smlbviHNZP6XXBJrPLfXZ6g7O6hag0a1cuPIDAglaU+FmwPKubdBEnm83/5in1fW5chVAEgYPHCbuJlNY44d+TsBNm1nD14ydolj0L7dvB6idjxafjihnveBbG4m4xFUdF+Ol1Gq6QvhXU9LJAN7moOrZb+Tui7PSXT8wmq/alDEDRnOS1i6FeC053KX0nvuxt/sKUaPTaqNuz15N1j7ASuda015m/6be/e0o1WWeWzxajK3QTRZR4ArGXyy17VXtMCJQidpfFX6g8NplcExop3xi49+5UBElF1GzDatcaraauXM/d4tRqeLweOU/dJ+mnrT/YV97VrdaIOExq7w4yQfUzEgUv37DVau75dANwm0yljKO0dK0TIzOWsdL6ivP7mcrpxHf7+E3DKyyWgEKMB21heF9pbnSUi4ABAABRmI3FFRjxcL9edFRAz/Ek0KjZYQ4s65ArZIVbDXJH4S8LLNGpOmHdRsSjZB65MIf/uRTaVJfohr0tr6Eah81zNcmHm6zzSZvkuCl4yx7HkvyJBQuDVRAh1KqpmP7W2my1vWaIRC82teCKL6BT3DCnn1A+NZDHel9s413ebL0ubQYMxUJyXkHSQd6rfn8UusJIJ+s+jcezjcsCuQVgt4KtaPh4k8sI/7mWuGaVrJVC94ahyRYON2i8il22MiSCLpKF8fp2tgTASN5CdiAUAbKqx9Gm667LF6gGW3bnnfrMSyiaEsgNKaz8e7fanemrcyPqaMS6PL5ik1UpSO7FCDQVs1Fr2Xbn1Ak2UJ6sYy+E4x2e3AB8BkjfGVlwP9zH985m5uC9oWiPS1BDwYj8DeuFYxtgVCPucbrY1gHFZ0yTuUqcY+0uAvGW8oJtGkDeRxCQSxPLKmrxxyKPyGRyhmtYx+WBq5ZaDpGm8zI/iUGEFiJmjCL6lr2oGVFsY/Elfit1Yi4=
001,http://localhost:8001,rsa_encryption,LS0tLS1CRUdJTiBQVUJMSUMgS0VZLS0tLS0KTUlJQklqQU5CZ2txaGtpRzl3MEJBUUVGQUFPQ0FROEFNSUlCQ2dLQ0FRRUFyQzRIVm5PM3JOZEdKa0FDd3VFSgptYVhEcmtGczJBbDUzdnFvWURWWUNhdk9zbUhtdjZLb1hvdDZhWHIwb25CTzhZdWdkVElqUUxKM1BFMXgxV2FXCitCUWk2aGJQM1d4bVNoTDgvbDJTVUhqdklNVVdKZTZua2JyUlVZQUhtU0dvdWhpZjVGTFdQdlV0V2NGZW5Ld04Kdm5SOVJ0amxidXQ3MHZMcFZwMy9BL1I2TCtWeWtVV1E4RXBRY3BnMHlGbHZsSmJLRDdlKzlidEFaZ2tVdEk5agplRjJMT25BKytYTTIrU280WTVDTzJ4TkFaNW5TS21FWWQvem1qbmZ4RGdhYmU2Mk0xZVd5S3R4Q1hub2trbGZHCld0MEhZY012RnVLcjRDenBkQ2hmTDVKQmFnUm80cUVFcGhmMGVXbzBoVmdwMFFLQlVsMng1WDBvbFVPY1ZBaXkKbndJREFRQUIKLS0tLS1FTkQgUFVCTElDIEtFWS0tLS0tCg==
001,http://localhost:8001,rsa_oaep_encryption,LS0tLS1CRUdJTiBQVUJMSUMgS0VZLS0tLS0KTUlJQklqQU5CZ2txaGtpRzl3MEJBUUVGQUFPQ0FROEFNSUlCQ2dLQ0FRRUFxVmdlRDBreFhHWHdUQS9BVmJ1LwpQdzRmOG1Zemp2TW9OKzJWRU1tb29XWWh6MFB6SEg2VWlCazk1MXFFWVlLak1zcnREbEdTMmhGanN6c0piaUR1CmZPVnRpaTZYcHBGUzZPUGlTYkJzWkQrSzIwYjh0RUNKdzZnYUg2emNHeEczMHBHR1dBbXdFKzluRUkvVjY4Y3kKb2dqNTMwblZLb1p4KzgrcW1pVjJsYTVSMjVKNFMzb3M2Q0t3ZWRCTWlxVmFWQ2VJQktBcGR2OXhoc1lxMmRwLwoyTUFYUFVTOW1UZ2REOUpuS1k5MjZLbnI1cGpTTkFoMkoycmRldlJoWmdrN3daZHE5V0x2SEswMWJseU1lcDRiCm1xZnkvVTFLcmlTVGpXVmFJaDJuWUpGQVhnTVQzcjNBY2FieUoyTFhXNko4bTN4MkZsU2V6MmFuMVpkcUVqT1IKWHdJREFRQUIKLS0tLS1FTkQgUFVCTElDIEtFWS0tLS0tCg==
002,http://localhost:8002,ecc_encryption,LS0tLS1CRUdJTiBQVUJMSUMgS0VZLS0tLS0KTUZrd0V3WUhLb1pJemowQ0FRWUlLb1pJemowREFRY0RRZ0FFUHJycy9reExFY080VjVJMmlCanNKNmcrcTNvawp4NjRUdUQyOThEZmFjOGJ1S3ZDaFFlakxPWW5RZ0poNkEyT3hSZG0rTUZQVUpaSWdqQzVwMjYraTRnPT0KLS0tLS1FTkQgUFVCTElDIEtFWS0tLS0tCg==
002,http://localhost:8002,elgamal_encryption,LS0tLS1CRUdJTiBQVUJMSUMgS0VZLS0tLS0KTUZrd0V3WUhLb1pJemowQ0FRWUlLb1pJemowREFRY0RRZ0FFcXZQTS8yd3krNEJyRG1NRGRzS1VjTlVVRk5LRgpiSTFCOTBFVGZuRHo1K0ZaZXpuSjRyWUMxZ0VsRGJnTU9QQlVPRGpHUFA3L0dTeWtrNTREbnpQQ3Z3PT0KLS0tLS1FTkQgUFVCTElDIEtFWS0tLS0tCg==
002,http://localhost:8002,paillier_encryption,gASV4AcAAAAAAACMDHBoZS5wYWlsbGllcpSMEVBhaWxsaWVyUHVibGljS2V5lJOUKYGUfZQojAFnlIuBAQAAliLZpsZmJBwypK28/97Z3r5kSbiqssYOwn8a/ki+jFp1ZUO20iu4vU33cQ+UsyHQzUYnzFYSvKV9z4QrQqcl+TSu6CeIE0Tid3sWpiJs4cfi5UOdfT+6OYB/nLMP88G62pHSxnLVwh4JpNmAWLDwnBRYjtjw128R/rkSbIq7qVy2ee0UuxfSZVjqMmpxRAMSFzBWz0+PDhAkx6gHm6PE7UR82GOEPVfVXrx06tyEbPl1go1xD8rhUn++r1LbjOOYB5HWuQvf0snXz0Vkz968iUAIDxGe/rBlGDs/LzMRsqj11aNLbHki0O6NBSSoWgvc3ePIx1kdy9onh9mTPpDcLzrrFbRa846tnvb9i4wZDDDBes5F6ZltBwY/qsNpTmyhs2w8g0ghsv4ice4MQh5/BfJOe0+3n8A+pJxs3BcWshphvA2e8/UAhIDbI4intgog963k5yNITUxvLTfr24QF3MecWpb2nWx38vu7IgsGhN1pjqPEZ+EQmZDithATm7iQAIwBbpSLgQEAAJUi2abGZiQcMqStvP/e2d6+ZEm4qrLGDsJ/Gv5IvoxadWVDttIruL1N93EPlLMh0M1GJ8xWErylfc+EK0KnJfk0rugniBNE4nd7FqYibOHH4uVDnX0/ujmAf5yzD/PButqR0sZy1cIeCaTZgFiw8JwUWI7Y8NdvEf65EmyKu6lctnntFLsX0mVY6jJqcUQDEhcwVs9Pjw4QJMeoB5ujxO1EfNhjhD1X1V68dOrchGz5dYKNcQ/K4VJ/vq9S24zjmAeR1rkL39LJ189FZM/evIlACA8Rnv6wZRg7Py8zEbKo9dWjS2x5ItDujQUkqFoL3N3jyMdZHcvaJ4fZkz6Q3C866xW0WvOOrZ72/YuMGQwwwXrORemZbQcGP6rDaU5sobNsPINIIbL+InHuDEIefwXyTntPt5/APqScbNwXFrIaYbwNnvP1AISA2yOIp7YKIPet5OcjSE1Mby0369uEBdzHnFqW9p1sd/L7uyILBoTdaY6jxGfhEJmQ4rYQE5u4kACMB25zcXVhcmWUiwADAAC56kXhgIsW3vG9I3whZLJbaDiaHTSI8pUVqpV6qiZCsXAsCqghqVCPHmGm3Kp5ykVA9MSU1+TtGRYH9vmcuSn/RNTbYKYX3lqPzP9SYVe4kaI6zA3TS3OpGeRXZpb2/MbbeOKz5iZsUSTIa8SWDiFGx3d54uXDoPDVRLBHVrYp9T8gA3w5+nqPkTzt3ZVsjeDJwfQRHkersUhab6DuhN7tFqD9M6n0NqIpkRiO0I2v4YgFH2VtkXDQpsVfnV3igehTMNM9Me/DcPoMWIaWt4Z948i6tfCV/eCJTeAyVl1nC3KC17Hf5Rn7lkczEDhd5zQCFKsPd0ua690fa5NdEdzdpmb6X2kpHXkNaCBjyulRe2286UOGBMZ7jpxHRIH/8DjSnBOF7u17uahgFoI9aeFYNRTFhN7qTqSVmxshoTikHRCoBY4uCrIYZ4vi2rC1DB3nTLxoc6tWUQo7CsxGemPQCsqWvVmqXniGStBeTmeYpPmMIwMhI1j83hQpGmQBzssDQHutENlX4wKtVcar99/SV1AQXle9FTs4Qv8iWeM1KU/bwvNkqXb5m1D1VOLlR6sKz2iIZuH2A2DMg4tuxexNWkhfWlOdzEiq45u5G7vc84t0bD/vJkmY3CPWAJ81bR7FwQH6dk7sC9UsKHeFvolXYYuaal1mtcGdoIO7x8P8krAJQVHxaRwNtT+uGnePY0k8WUci6OUTi2xMctNWncTOfr+b3S4xpjJ0NY3lV+JglqwytV1WwMlNilReX2GP/cTW3ahNQgGP45AoKaOeOeL+25n/ryb/sieKRU/z03WBb+knHeLoRbFHDCv3Rq+TYeZOQIh3DY0flf6XO9QkkknGQl7UGHEhdyUBh+Qk1HXYxdzTK8102T+Iz4zxPv+r9opeAu4YdWZTA/TfN+W/ZOPzHpwuO77YvLdYWQHYgkYiGYhzt/54kHHr0fqQKW5+6H9lsj/KxVvoJ6+ncemcS+IxsmQKbvRDRbR1DCauXk+85PQoF+2iH6dOcd0lvJQz0FGMB21heF9pbnSUi4ABAAAwtp03QiIMtBCM5D5VSvP0lCHDkuOQl69A1QiqbT+Ec3zMa+fwYz0/b1J7WjGRYEXvbGKZx7A+N3+agQ4WjQxTvOSiYi2xFvYnKbKMCyRL7aBMwYnUv+i9KtXeOwVR6+hI2/Ds0PFACgOMSIAdkKWJsXIvSFCderBUk1t5gz7jHpIoT1w+XZvMcqO7eNAWAQZdZcfvb9oEsLaXjQKJNuz5FtTyy9ZpcpwflNH4noF5qHwrL3taQ0vGfz/lcJ7ZS4gC25zoA/Xw7UdFF8zv9D6DFVhasDSq5SEIaWq6uwXm4lFH4cPOfQvwpISstuLIA/RJoe2XyAmZ87fXnYa/2p66aE4HPB5R2jmKp1TZLrOuupXTRBejiCStrL84QSMaJIvmzr4rGAvmVLYl+q7AtH+sUBopxeff6hSMiXlJXQfmCMs+rzRRp1WB1fML2DeSA2BSj6GitsIZxM+5Z05JLFdJ7d7I3PyJedJQqT62AwIsn3gv4ZYiS7Dd2qDnWgaJPTB1Yi4=
002,http://localhost:8002,rsa_encryption,LS0tLS1CRUdJTiBQVUJMSUMgS0VZLS0tLS0KTUlJQklqQU5CZ2txaGtpRzl3MEJBUUVGQUFPQ0FROEFNSUlCQ2dLQ0FRRUFyaFU5WnhYQkZSdHB1TFJzcmlvaApXaEVzK1RKN1QxSmwwQU8raGFSbVJTYXN3ZVB1QmRNcHJFKzBYWHRtVkxoblBkVFBGeUpmZUF0YmdlWXpDcWZvCjN5SXIrOHNVNXJUcllSQlRKeityQm1mdVNvUmdMZzRyb0h1WU41TkJ2c2l3NFVxUUdqOHcyQjVCUU5CbjRIQ1MKa0lRaVV3N1g0R1paRjlrZS85ZURMbEtxSC9vZEMycndiTUU4Wi94Mlh3cG1iNXlQQWxNVzVqTU5EQmFVenhqbwpWemxLbS84MWtuM09jMFNNUFdVUlF4K29nMVFIbnA3OTJsSXhRRTVhRjlTZ0pnSWtpU3dQRHc0eS96SFZFK3FqCnhxWTJXV1poYStXci9RTVdFZXc2SnhzL0NpV3F4MTljVThXSnlkRDdiT1dDMENHNVFSd3A4OU4zck5VclZVTm0KT3dJREFRQUIKLS0tLS1FTkQgUFVCTElDIEtFWS0tLS0tCg==
002,http://localhost:8002,rsa_oaep_encryption,LS0tLS1CRUdJTiBQVUJMSUMgS0VZLS0tLS0KTUlJQklqQU5CZ2txaGtpRzl3MEJBUUVGQUFPQ0FROEFNSUlCQ2dLQ0FRRUFrYWt6akZNOFlKK3FiQnJYZmZHSQo0L3VSYnVjOXh4aWZPZS8vd0prZTVrQ0p1M3ZRQ3grdkxmS2tBbHlheVhUbURpOG5ReHNMZVdOUEkvL1ZWR1FPCm1JZUR1MDc3ckl0SmxNZHpxVytlOUoxbStFRkpoRHU0SkhzRG1OV3k0SEorSWVENC9WYzllMEZKOWZGRDNjN1cKdjlibFFURVFPN0RmcFdBTi9tbUhjazBJRGdSNFJENERPM2sxeGR0aVd1T2FicGNtem1kYkQ2Q1ZoZWhvdVZMdAorcmMzaW9sck1MZ1AvYjJ5SXZUdXMxTzNQL1ZqbDFNbzFOL0ZuLzlIRkplcVhuVXB5SnhwQmQ3ZHJ5NFdzYStzCjVvTWZtT001cVNEcVNUS3E0ODZRV0FTakFwWVVLZDd1MjZkUjRnOW5YQ0diTENsdXZadGs1dXNEdWdPenRNemEKNHdJREFRQUIKLS0tLS1FTkQgUFVCTElDIEtFWS0tLS0tCg==
003,http://localhost:8003,ecc_encryption,LS0tLS1CRUdJTiBQVUJMSUMgS0VZLS0tLS0KTUZrd0V3WUhLb1pJemowQ0FRWUlLb1pJemowREFRY0RRZ0FFWWlrekJIMngrSUZ3K1UwSUVPcnM1QTJnQWhYSQp3T29kVGpiZ2IrMXh3cWYrQkVvVTRGbnFaUGlGRjIybDJ0dlFNSmVNVVZkUWJxUDExVXZLcG52Y0JnPT0KLS0tLS1FTkQgUFVCTElDIEtFWS0tLS0tCg==
003,http://localhost:8003,elgamal_encryption,LS0tLS1CRUdJTiBQVUJMSUMgS0VZLS0tLS0KTUZrd0V3WUhLb1pJemowQ0FRWUlLb1pJemowREFRY0RRZ0FFbzRkVFNsMGo2c1ZyczdGZ29uZm52L0x6U2tlcAp2aUM5alZFK3lTT3IwcmczYVZZdWxxOEFacUd1THVYNmxBMlBrbm1jTHArL1RENXFaSGx2cFExckVRPT0KLS0tLS1FTkQgUFVCTElDIEtFWS0tLS0tCg==
003,http://localhost:8003,paillier_encryption,gASV4AcAAAAAAACMDHBoZS5wYWlsbGllcpSMEVBhaWxsaWVyUHVibGljS2V5lJOUKYGUfZQojAFnlIuBAQAAtk111sGwJDlwhC/Qr0rCy6NyyiwfPidu1HCjAnu0NEXa7Q1qfbjZE4tibot3FzwKBB3p3Bv9nHHzOxaBeIgRb/kArPJBGh8fsNmDLLBFsR4cNzRL15bl+PBmrvAmh3uYKvEDoYGwIG9O/AHNHa7EqMiRkFZo8hP9C7xM9OWWQrosfzcZsRxE0WjsJ0godHY0znFT+NKeUJZeu7VMirQS6quVFmWTmr8lVcb0KikW8f+dF6wjK82NVrd1He0vrBLai09oy9V2Oq5lSa+a7AjrwW9wJFslUYjoI14orlw+LABYn+MNua80GX779Nz/a+UUsLAcpOIVlHwOoByYkhZ0j3WAQs53mPsMBKJU3iS+TvlPuxK0eqtD+v2pHp/W1v2TBAYVLhulanP792Z6+e/JZNdKEnOVoM+DcQZACEjIn5ofveQ3HHN26ul10zsA51bSHaYdAh7GWTU+LP6DXtitfb3FRywXRluiwpXOh6b1R5zJnAcgzHHfo+W9XfLprWWZAIwBbpSLgQEAALVNddbBsCQ5cIQv0K9KwsujcsosHz4nbtRwowJ7tDRF2u0Nan242ROLYm6Ldxc8CgQd6dwb/Zxx8zsWgXiIEW/5AKzyQRofH7DZgyywRbEeHDc0S9eW5fjwZq7wJod7mCrxA6GBsCBvTvwBzR2uxKjIkZBWaPIT/Qu8TPTllkK6LH83GbEcRNFo7CdIKHR2NM5xU/jSnlCWXru1TIq0EuqrlRZlk5q/JVXG9CopFvH/nResIyvNjVa3dR3tL6wS2otPaMvVdjquZUmvmuwI68FvcCRbJVGI6CNeKK5cPiwAWJ/jDbmvNBl++/Tc/2vlFLCwHKTiFZR8DqAcmJIWdI91gELOd5j7DASiVN4kvk75T7sStHqrQ/r9qR6f1tb9kwQGFS4bpWpz+/dmevnvyWTXShJzlaDPg3EGQAhIyJ+aH73kNxxzdurpddM7AOdW0h2mHQIexlk1Piz+g17YrX29xUcsF0ZbosKVzoem9UecyZwHIMxx36PlvV3y6a1lmQCMB25zcXVhcmWUiwADAAD5YQi7lF5I0J5NTMmLKXCgV3sPVfH5gni/UkTK4CY+uUlPL4zOxSaI1GF8u64iwXgjEhFc7C3sM7ZKfP6ycb5zHG3sqE4JhFHWqeSkhQBsEdBD5D5IwShp0osA8Gdm2glrCAlO9x9jsyQN6ltOibFU4nUZzPp6Ix54GeCkoCxG+MDUjVhviQkAxLtvrLx5TPvkJuZzzKaAi1cIIwxeBoXLfZfKFLyZWkgjVe/WstVPKsGMpr7bqTZtS6QjOboD5G0KXIqi7wUBsfLBP6szzkCtN3IRa0Ah5qNqTk/BIuCsNRI1O0nX1rSnz2+ihD8Afk1DbDTRf83JJFavvU00NRXswnARlQgjYdg4NBQgfohiDvXNpawnWXfj/SrdoTKkCogYdXYiH1+9zedMGNvaX6Ehd7s2GRi7UezZFXrExFbfoVj/s2pZaK+8ER4zRd17WsfUUajmaO/8ZzVrCnc+/m0wnvE5CeXdzI7GVFmgBX1r4pMu4THbngjFSVufFDN2IGhzrPRoXEbToSc81W9ujrN8Jif2IeiiotmXXJL12CTfetTh0YNwzq0KIHHRjKS+5KupwpnDMswHWhpF/pP7pIzRbWLXx7cZkskp5htNRH2UAeCSPFCUKGgAyGhyIQjIzDuhmTGoKHiFzLpS5dSLHPBrxBCBRi0SZ4WL/73hm3rXKkvD51dg7sejrt2adtaNY1pcxjPAnwxCrPZAGG+EcwQI0HKJH2qR7Vmlrqt9GyFcEBK7oFr2WtRXrA6hoZWGVhfZkGFMf8RKtif87QtnnvUztUdxVM2oR0aM+lwGqW58sWvjTXZNSYW1NY7rQforXdnXo+NqCeMphkUUqdFDgSd10SYGHe7CFJ1C29MgjNtoJeCdwGpD7m7LiQKGHiMHUfy9DyMvg62nwQe7TU5YFbzmwgSg/29/sESKhTjM3dJOHVGVBBGv2UIkItyUIUbXcXZafUInQyi2KiIwx4qcqCM/T4zsrx8uIRjWdM+mAy80a7zNbcUvzdUbUlJzVESy6luMB21heF9pbnSUi4ABAAA7b3xH6zoME9DWD/CPw0CZNibuDrUUDXrxejZWfpERF56kBM4p6J0G2SB6Ln2yvlgBX/ieXlQ0e6a+XIB9LVt6qFU5psAItV/lndYOkGyQXwm9Zm7y3KH9+szk+gwtKYhjUAGLgOUKJRpUq5m05JaN7YWFxyKmBv8DlBn8oYdrk7l/ErPlXsFFePm3wmLRfBGa0Buom98aMsqTPMTY5rD44zGyITHeP7dxl1EOYwf7/4myjrZjRC9ykny0+Q/ksEjZb81DR9Joj8xtOt5OWE7rz3phHrfFgk1hH7jkHmq5qnKK9lnojxGz1FP8nqrOobE6kAmMSwfcfq+KCYjbXNEvJ4Br7yeI/q5Wi3GfYT8aU8WTW5HT42tT/41fikfyqYYBAge6s+F4JqlSIn6o+u128hgG0THg7yt7VxVYbe3fiAo/TL1eJtL4TSfxEwBNcpu0jLQACkJzvBRk/yvK8jl/lOwXZLJsHjaW3EQt4lFtiZiJAmCZ0J829+nJUKPkITN1Yi4=
003,http://localhost:8003,rsa_encryption,LS0tLS1CRUdJTiBQVUJMSUMgS0VZLS0tLS0KTUlJQklqQU5CZ2txaGtpRzl3MEJBUUVGQUFPQ0FROEFNSUlCQ2dLQ0FRRUF5WnhKN3lFaXM4cFRhREFEaEZvcAovQlFXZXM3VWdNbC9FdXdUWG50MkRBNGlYRTIxdndEeGZBS0tYbWNDZXBVdjJBd0swMWVNRnVOSnVKcWhheGF2ClA2Z2duSGJWMmcrcmRqaVlDZWxoK29vMlNGUm9tWVlhcUliaDR3ZlUzQlBhdEliYUhKL0RRSzE2c09yZ1VQajcKaVlvV0Iwd1I2eEdsSXozUUhnVyt6bElmRUE3U0RGTFlZbzEyZHQrU2R0QThYRTFIS0ZXdDdUdjV0TFNuQjJiSgpUNGJBcEUvM2tBYy80K3BiQnFqNjBFQWNlN1pNT2tRV1R3OFZiVW5FYWdvS0FTSTNpZnozcThDMXo4dWdoSFNkCmZnNFZKSU93Y1doRjNoYXc0Vkc4ZElZRUx1SHh6UnJTSVNnb0dNL2hhd2dmQUxFSDE1NU5jN1lPRktFcEM5a20KWndJREFRQUIKLS0tLS1FTkQgUFVCTElDIEtFWS0tLS0tCg==
003,http://localhost:8003,rsa_oaep_encryption,LS0tLS1CRUdJTiBQVUJMSUMgS0VZLS0tLS0KTUlJQklqQU5CZ2txaGtpRzl3MEJBUUVGQUFPQ0FROEFNSUlCQ2dLQ0FRRUF5bVUvbjdHcHVGM1cxNVhCbXlqUQo3OFJOS3RmTW9ha0pzbHlSdFFNTEFtdUR2Q3o3SC9mZDF5dExGdFYzVHF5YUtCZnpuZ3VOanh2VVhITE5UbWZ1CmMvYnd5emIxSmhmaHJGUkVlOGVRdExEdkdOa0RyUDJuQVZjU213azlqSGd1OS81LzVrdnhPd0d5aDMvL05sbFoKUXBPTFEvSFZZYnFuaU9pbmZNSTlGWWExRW83OG5ZSlROZnl1b1JXeVB4MDRsTktRb3EydjU1WS94T0F1NzY5OQpQZER2OVJpbzZVZVdrblgvUDFVUzNzcHlaUnIxOVk4eWZEV0ltZXlFc3ZxVExXdFlvSW90YWJnTmZrcHdtZE9oCkNnZFR4UW9IVGZEZVgxcEVVb1FJYnpWdkFmcHN2Qk1Ra1lKMkdpNEp1U1FHSFlmQy92MFdudUlMTDZTUVFXMUEKY1FJREFRQUIKLS0tLS1FTkQgUFVCTElDIEtFWS0tLS0tCg==
